{"0": {"load": -280.7076635241197, "init": [7.680513098984246, [true, true, true]], "PSO": [5.955019604420398, [true, true, true]], "MST": [5.972052926409186, [true, true, true]], "Jakus_TL": [5.557661832585527, [true, true, true]], "Jakus_OW": [5.704033035758414, [true, true, true]], "Salkuti_TL": [7.837353334061971, [true, true, true]], "Salkuti_OW": [7.837353334061971, [true, true, true]], "Baran_TL": [5.946677938111332, [true, true, true]], "Baran_OW": [5.946677938111332, [true, true, true]], "Merlin_TL": [53.06813953684793, [true, true, true]], "Merlin_OW": [53.06813953684793, [true, true, true]], "Jakus_TL_Solultion": ["10_11_1", "41_42_1", "58_59_1", "88_89_1", "104_105_1", "113_114_1", "64_73_1", "99_23_1", "127_164_1", "121_188_1", "171_181_1", "146_183_1", "147_183_1", "116_196_1", "116_184_1", "196_165_1", "145_163_1"], "Jakus_OW_Solultion": ["10_11_1", "25_26_1", "56_57_1", "1_68_1", "1_85_1", "1_100_1", "111_112_1", "99_23_1", "156_169_1", "127_164_1", "193_165_1", "146_147_1", "171_181_1", "171_152_1", "183_189_1", "143_154_1", "140_188_1"], "Salkuti_TL_Solultion": ["193_165_1", "140_188_1", "127_161_1", "146_183_1", "147_183_1", "150_151_1", "171_117_1", "171_181_1", "143_154_1", "107_108_1", "1_74_1", "1_24_1", "1_36_1", "8_9_1", "51_56_1", "113_114_1", "70_71_1"], "Salkuti_OW_Solultion": ["193_165_1", "140_188_1", "127_161_1", "146_183_1", "147_183_1", "150_151_1", "171_117_1", "171_181_1", "143_154_1", "107_108_1", "1_74_1", "1_24_1", "1_36_1", "8_9_1", "51_56_1", "113_114_1", "70_71_1"], "Baran_TL_Solultion": ["193_165_1", "121_188_1", "127_164_1", "146_147_1", "156_169_1", "147_151_1", "171_181_1", "171_152_1", "196_143_1", "1_100_1", "99_23_1", "43_44_1", "1_85_1", "10_11_1", "56_57_1", "111_112_1", "1_68_1"], "Baran_OW_Solultion": ["193_165_1", "121_188_1", "127_164_1", "146_147_1", "156_169_1", "147_151_1", "171_181_1", "171_152_1", "196_143_1", "1_100_1", "99_23_1", "43_44_1", "1_85_1", "10_11_1", "56_57_1", "111_112_1", "1_68_1"], "Merlin_TL_Solultion": ["7_8_1", "18_19_1", "39_40_1", "54_55_1", "60_61_1", "92_93_1", "97_99_1", "109_110_1", "171_117_1", "117_191_1", "193_165_1", "121_140_1", "137_176_1", "146_147_1", "183_189_1", "116_196_1", "116_184_1"], "Merlin_OW_Solultion": ["7_8_1", "18_19_1", "39_40_1", "54_55_1", "60_61_1", "92_93_1", "97_99_1", "109_110_1", "171_117_1", "117_191_1", "193_165_1", "121_140_1", "137_176_1", "146_147_1", "183_189_1", "116_196_1", "116_184_1"]}, "1": {"load": -293.0428809298801, "init": [8.126580628329243, [true, true, true]], "PSO": [6.49361605202126, [true, true, true]], "MST": [6.250160513021001, [true, true, true]], "Jakus_TL": [5.928516956820091, [true, true, true]], "Jakus_OW": [5.857694461402468, [true, true, true]], "Salkuti_TL": [8.306261470519647, [true, true, true]], "Salkuti_OW": [9.48886546654187, [true, true, true]], "Baran_TL": [6.207850529124343, [true, true, true]], "Baran_OW": [6.207228176261305, [true, true, true]], "Merlin_TL": [54.197523665768244, [true, true, true]], "Merlin_OW": [54.197523665768244, [true, true, true]], "Jakus_TL_Solultion": ["15_16_1", "26_27_1", "1_47_1", "56_57_1", "1_68_1", "1_85_1", "1_100_1", "99_23_1", "156_169_1", "127_164_1", "193_165_1", "121_188_1", "146_147_1", "171_181_1", "196_181_1", "147_183_1", "116_154_1"], "Jakus_OW_Solultion": ["25_26_1", "56_57_1", "1_68_1", "75_76_1", "1_85_1", "1_100_1", "111_112_1", "99_23_1", "156_169_1", "127_164_1", "193_165_1", "171_181_1", "146_183_1", "147_183_1", "116_184_1", "143_154_1", "140_188_1"], "Salkuti_TL_Solultion": ["193_165_1", "140_188_1", "127_161_1", "146_183_1", "147_183_1", "150_151_1", "171_117_1", "171_181_1", "143_154_1", "107_108_1", "1_74_1", "1_24_1", "1_36_1", "8_9_1", "51_56_1", "113_114_1", "70_71_1"], "Salkuti_OW_Solultion": ["193_117_1", "121_140_1", "182_161_1", "183_189_1", "146_147_1", "128_150_1", "117_181_1", "171_152_1", "196_143_1", "106_107_1", "1_85_1", "1_74_1", "1_24_1", "7_8_1", "51_52_1", "55_114_1", "69_70_1"], "Baran_TL_Solultion": ["193_165_1", "121_188_1", "127_164_1", "146_147_1", "156_169_1", "147_151_1", "171_181_1", "171_152_1", "116_154_1", "1_100_1", "99_23_1", "41_42_1", "1_85_1", "10_11_1", "51_56_1", "1_47_1", "1_68_1"], "Baran_OW_Solultion": ["193_165_1", "121_188_1", "127_164_1", "146_183_1", "156_169_1", "147_151_1", "171_181_1", "171_152_1", "116_154_1", "100_101_1", "99_23_1", "41_42_1", "1_85_1", "10_11_1", "51_56_1", "1_47_1", "1_68_1"], "Merlin_TL_Solultion": ["7_8_1", "18_19_1", "39_40_1", "54_55_1", "60_61_1", "92_93_1", "97_99_1", "109_110_1", "171_117_1", "117_191_1", "121_140_1", "137_176_1", "193_117_1", "146_147_1", "196_181_1", "183_189_1", "143_154_1"], "Merlin_OW_Solultion": ["7_8_1", "18_19_1", "39_40_1", "54_55_1", "60_61_1", "92_93_1", "97_99_1", "109_110_1", "171_117_1", "117_191_1", "121_140_1", "137_176_1", "193_117_1", "146_147_1", "196_181_1", "183_189_1", "143_154_1"]}, "2": {"load": -283.3561821276798, "init": [7.6741682045993915, [true, true, true]], "PSO": [6.060269458094625, [true, true, true]], "MST": [5.941380800274361, [true, true, true]], "Jakus_TL": [5.690987699406831, [true, true, true]], "Jakus_OW": [5.575440802900857, [true, true, true]], "Salkuti_TL": [7.826993874801325, [true, true, true]], "Salkuti_OW": [8.686308689255435, [true, true, true]], "Baran_TL": [5.912025422962414, [true, true, true]], "Baran_OW": [5.9074684854568735, [true, true, true]], "Merlin_TL": [52.60239078852432, [true, true, true]], "Merlin_OW": [52.60239078852432, [true, true, true]], "Jakus_TL_Solultion": ["11_12_1", "28_29_1", "1_36_1", "51_52_1", "57_58_1", "72_73_1", "74_75_1", "106_107_1", "156_168_1", "164_192_1", "193_165_1", "121_188_1", "146_147_1", "171_181_1", "183_189_1", "116_196_1", "116_154_1"], "Jakus_OW_Solultion": ["12_13_1", "25_26_1", "43_44_1", "56_57_1", "1_68_1", "1_100_1", "111_112_1", "99_23_1", "156_169_1", "127_164_1", "193_165_1", "171_181_1", "146_183_1", "147_183_1", "116_184_1", "143_154_1", "140_188_1"], "Salkuti_TL_Solultion": ["193_165_1", "140_188_1", "127_161_1", "146_183_1", "147_183_1", "150_151_1", "171_117_1", "171_181_1", "143_154_1", "107_108_1", "1_74_1", "1_24_1", "1_36_1", "10_11_1", "51_56_1", "113_114_1", "70_71_1"], "Salkuti_OW_Solultion": ["171_117_1", "140_188_1", "182_187_1", "171_189_1", "147_183_1", "126_128_1", "193_117_1", "171_181_1", "116_196_1", "105_106_1", "1_36_1", "1_85_1", "1_74_1", "6_7_1", "51_56_1", "54_55_1", "68_69_1"], "Baran_TL_Solultion": ["193_165_1", "121_188_1", "127_164_1", "146_147_1", "156_169_1", "147_151_1", "171_181_1", "171_152_1", "116_154_1", "1_100_1", "99_23_1", "43_44_1", "1_85_1", "10_11_1", "51_56_1", "50_51_1", "1_68_1"], "Baran_OW_Solultion": ["196_165_1", "121_188_1", "127_164_1", "146_183_1", "156_169_1", "147_151_1", "171_181_1", "171_152_1", "143_154_1", "104_105_1", "99_23_1", "43_44_1", "1_85_1", "10_11_1", "51_56_1", "1_47_1", "1_68_1"], "Merlin_TL_Solultion": ["7_8_1", "18_19_1", "39_40_1", "54_55_1", "60_61_1", "92_93_1", "97_99_1", "109_110_1", "171_117_1", "117_191_1", "193_165_1", "121_140_1", "137_176_1", "146_147_1", "196_181_1", "183_189_1", "143_154_1"], "Merlin_OW_Solultion": ["7_8_1", "18_19_1", "39_40_1", "54_55_1", "60_61_1", "92_93_1", "97_99_1", "109_110_1", "171_117_1", "117_191_1", "193_165_1", "121_140_1", "137_176_1", "146_147_1", "196_181_1", "183_189_1", "143_154_1"]}, "3": {"load": -289.4114365865797, "init": [7.763411384511663, [true, true, true]], "PSO": [6.226441173748408, [true, true, true]], "MST": [6.047946609380782, [true, true, true]], "Jakus_TL": [5.654025259490216, [true, true, true]], "Jakus_OW": [5.640960909700915, [true, true, true]], "Salkuti_TL": [8.127447720661802, [true, true, true]], "Salkuti_OW": [78.9852964095739, [true, true, true]], "Baran_TL": [6.024096352256452, [true, true, true]], "Baran_OW": [6.016276207037679, [true, true, true]], "Merlin_TL": [53.89568613654562, [true, true, true]], "Merlin_OW": [53.89568613654562, [true, true, true]],